-- Заполнение базы данными "Лазер Тайм"
-- Запускать в Supabase SQL Editor ПОСЛЕ 001_schema.sql

-- 1. МАСТЕР (Олеся, tg_user_id = 2001560341)
INSERT INTO masters (id, tg_user_id, bot_token, bot_username, name, description, phone, welcome_text)
VALUES (
  'a0000000-0000-0000-0000-000000000001',
  2001560341,
  '8127992479:AAFo3aF-M20mBrmMt_CjcHFJS0wzLUcIPt4',
  'lasertime_prilo_bot',
  'Лазер Тайм',
  'Центр лазерной эпиляции и аппаратной косметологии',
  '+79886739548',
  'Добро пожаловать в Лазер Тайм! Выберите услугу и запишитесь онлайн.'
);

-- 2. КАТЕГОРИИ
INSERT INTO categories (id, master_id, name, icon, sort_order) VALUES
  ('c0000000-0000-0000-0000-000000000001', 'a0000000-0000-0000-0000-000000000001', 'Лазерная эпиляция', '✨', 1),
  ('c0000000-0000-0000-0000-000000000002', 'a0000000-0000-0000-0000-000000000001', 'Коррекция фигуры',  '💎', 2),
  ('c0000000-0000-0000-0000-000000000003', 'a0000000-0000-0000-0000-000000000001', 'Комплексы',         '🎁', 3),
  ('c0000000-0000-0000-0000-000000000004', 'a0000000-0000-0000-0000-000000000001', 'Лицо',             '💆', 4);

-- 3. УСЛУГИ — Лазерная эпиляция
INSERT INTO services (master_id, category_id, name, description, duration, price, sale_price, sort_order) VALUES
  ('a0000000-0000-0000-0000-000000000001', 'c0000000-0000-0000-0000-000000000001', 'Ноги полностью', 'Лазерная эпиляция ног полностью — от бедра до стопы.', 60, 4390, NULL, 1),
  ('a0000000-0000-0000-0000-000000000001', 'c0000000-0000-0000-0000-000000000001', 'Голени', 'Лазерная эпиляция голеней.', 30, 2390, NULL, 2),
  ('a0000000-0000-0000-0000-000000000001', 'c0000000-0000-0000-0000-000000000001', 'Ягодицы', 'Лазерная эпиляция зоны ягодиц.', 30, 2290, NULL, 3),
  ('a0000000-0000-0000-0000-000000000001', 'c0000000-0000-0000-0000-000000000001', 'Бёдра', 'Лазерная эпиляция бёдер.', 30, 2690, NULL, 4),
  ('a0000000-0000-0000-0000-000000000001', 'c0000000-0000-0000-0000-000000000001', 'Внутренняя/внешняя часть бедра', 'Лазерная эпиляция внутренней или внешней части бедра.', 20, 1490, NULL, 5),
  ('a0000000-0000-0000-0000-000000000001', 'c0000000-0000-0000-0000-000000000001', 'Колени', 'Лазерная эпиляция зоны коленей.', 15, 890, NULL, 6),
  ('a0000000-0000-0000-0000-000000000001', 'c0000000-0000-0000-0000-000000000001', 'Руки полностью', 'Лазерная эпиляция рук полностью — от плеча до кисти.', 40, 2590, NULL, 7),
  ('a0000000-0000-0000-0000-000000000001', 'c0000000-0000-0000-0000-000000000001', 'Руки до локтя', 'Лазерная эпиляция рук до локтя.', 25, 1800, NULL, 8),
  ('a0000000-0000-0000-0000-000000000001', 'c0000000-0000-0000-0000-000000000001', 'Руки выше локтя', 'Лазерная эпиляция рук выше локтя.', 25, 2090, NULL, 9),
  ('a0000000-0000-0000-0000-000000000001', 'c0000000-0000-0000-0000-000000000001', 'Пальцы рук/ног', 'Лазерная эпиляция пальцев рук или ног.', 10, 590, NULL, 10),
  ('a0000000-0000-0000-0000-000000000001', 'c0000000-0000-0000-0000-000000000001', 'Лицо полностью', 'Лазерная эпиляция лица полностью.', 30, 2000, NULL, 11),
  ('a0000000-0000-0000-0000-000000000001', 'c0000000-0000-0000-0000-000000000001', 'Лоб', 'Лазерная эпиляция зоны лба.', 10, 790, NULL, 12),
  ('a0000000-0000-0000-0000-000000000001', 'c0000000-0000-0000-0000-000000000001', 'Щёки/бакенбарды', 'Лазерная эпиляция щёк и бакенбардов.', 15, 1090, NULL, 13),
  ('a0000000-0000-0000-0000-000000000001', 'c0000000-0000-0000-0000-000000000001', 'Верхняя губа', 'Лазерная эпиляция зоны верхней губы.', 10, 590, NULL, 14),
  ('a0000000-0000-0000-0000-000000000001', 'c0000000-0000-0000-0000-000000000001', 'Подбородок', 'Лазерная эпиляция подбородка.', 10, 590, NULL, 15),
  ('a0000000-0000-0000-0000-000000000001', 'c0000000-0000-0000-0000-000000000001', 'Шея', 'Лазерная эпиляция шеи.', 15, 1090, NULL, 16),
  ('a0000000-0000-0000-0000-000000000001', 'c0000000-0000-0000-0000-000000000001', 'Подмышки', 'Лазерная эпиляция подмышечных впадин.', 15, 1090, NULL, 17),
  ('a0000000-0000-0000-0000-000000000001', 'c0000000-0000-0000-0000-000000000001', 'Декольте', 'Лазерная эпиляция зоны декольте.', 20, 1790, NULL, 18),
  ('a0000000-0000-0000-0000-000000000001', 'c0000000-0000-0000-0000-000000000001', 'Живот полностью', 'Лазерная эпиляция живота полностью.', 25, 2090, NULL, 19),
  ('a0000000-0000-0000-0000-000000000001', 'c0000000-0000-0000-0000-000000000001', 'Живот белая линия', 'Лазерная эпиляция белой линии живота.', 10, 1090, NULL, 20),
  ('a0000000-0000-0000-0000-000000000001', 'c0000000-0000-0000-0000-000000000001', 'Ареолы', 'Лазерная эпиляция зоны ареол.', 10, 1000, NULL, 21),
  ('a0000000-0000-0000-0000-000000000001', 'c0000000-0000-0000-0000-000000000001', 'Спина', 'Лазерная эпиляция спины.', 30, 2990, NULL, 22),
  ('a0000000-0000-0000-0000-000000000001', 'c0000000-0000-0000-0000-000000000001', 'Спина полностью', 'Лазерная эпиляция спины полностью.', 45, 3890, NULL, 23),
  ('a0000000-0000-0000-0000-000000000001', 'c0000000-0000-0000-0000-000000000001', 'Бикини классическое', 'Лазерная эпиляция зоны классического бикини.', 20, 1190, NULL, 24),
  ('a0000000-0000-0000-0000-000000000001', 'c0000000-0000-0000-0000-000000000001', 'Бикини глубокое', 'Лазерная эпиляция зоны глубокого бикини.', 30, 1990, NULL, 25),
  ('a0000000-0000-0000-0000-000000000001', 'c0000000-0000-0000-0000-000000000001', 'Бикини тотальное', 'Лазерная эпиляция зоны тотального бикини.', 40, 2390, NULL, 26);

-- Коррекция фигуры
INSERT INTO services (master_id, category_id, name, description, duration, price, sale_price, sort_order) VALUES
  ('a0000000-0000-0000-0000-000000000001', 'c0000000-0000-0000-0000-000000000002', 'Классический педикюр', 'Аппаратный педикюр: обработка стоп, пальцев, кутикулы. Без покрытия.', 60, 2000, NULL, 1),
  ('a0000000-0000-0000-0000-000000000001', 'c0000000-0000-0000-0000-000000000002', 'Педикюр с покрытием', 'Полный аппаратный педикюр с покрытием гель-лаком.', 90, 2800, 2400, 2),
  ('a0000000-0000-0000-0000-000000000001', 'c0000000-0000-0000-0000-000000000002', 'Комбо маникюр + педикюр', 'Полный маникюр и педикюр с покрытием гель-лаком.', 180, 4500, 3800, 3);

-- Комплексы
INSERT INTO services (master_id, category_id, name, description, duration, price, sale_price, sort_order) VALUES
  ('a0000000-0000-0000-0000-000000000001', 'c0000000-0000-0000-0000-000000000003', 'XS: Глубокое бикини + подмышки', 'В комплекс входят: межъягодичная зона, белая линия на животе, верхняя губа. Выгода 1910 ₽!', 60, 3250, NULL, 1),
  ('a0000000-0000-0000-0000-000000000001', 'c0000000-0000-0000-0000-000000000003', 'S: Глубокое бикини + подмышки + голени', 'В комплекс входят: межъягодичная зона, белая линия на животе, пальчики на ногах, верхняя губа. Выгода 2560 ₽!', 90, 4990, NULL, 2),
  ('a0000000-0000-0000-0000-000000000001', 'c0000000-0000-0000-0000-000000000003', 'M: Гл. бикини + подмышки + ноги полностью', 'В комплекс входят: межъягодичная зона, белая линия на животе, верхняя губа, пальчики на ногах. Выгода 3650 ₽!', 120, 5990, NULL, 3),
  ('a0000000-0000-0000-0000-000000000001', 'c0000000-0000-0000-0000-000000000003', 'L: Гл. бикини + подмышки + руки/ноги полностью', 'В комплекс входят: межъягодичная зона, белая линия на животе, пальчики на ногах, верхняя губа, пальчики на руках. Выгода 4150 ₽!', 150, 7290, NULL, 4);

-- Лицо
INSERT INTO services (master_id, category_id, name, description, duration, price, sale_price, sort_order) VALUES
  ('a0000000-0000-0000-0000-000000000001', 'c0000000-0000-0000-0000-000000000004', 'SPA-уход для рук', 'Пилинг, маска, массаж рук, парафинотерапия.', 30, 800, NULL, 1),
  ('a0000000-0000-0000-0000-000000000001', 'c0000000-0000-0000-0000-000000000004', 'Парафинотерапия рук', 'Горячий парафин для рук. Увлажняет, смягчает кожу.', 20, 500, NULL, 2);

-- 4. РАСПИСАНИЕ (Пн-Пт 10:00-20:00, Сб 10:00-17:00, Вс — выходной)
INSERT INTO schedule (master_id, day_of_week, start_time, end_time, slot_interval, is_active) VALUES
  ('a0000000-0000-0000-0000-000000000001', 1, '10:00', '20:00', 30, true),
  ('a0000000-0000-0000-0000-000000000001', 2, '10:00', '20:00', 30, true),
  ('a0000000-0000-0000-0000-000000000001', 3, '10:00', '20:00', 30, true),
  ('a0000000-0000-0000-0000-000000000001', 4, '10:00', '20:00', 30, true),
  ('a0000000-0000-0000-0000-000000000001', 5, '10:00', '20:00', 30, true),
  ('a0000000-0000-0000-0000-000000000001', 6, '10:00', '17:00', 30, true);
